"Country","Year","GDP_sum"
Afghanistan,2015,31.982
Afghanistan,2016,38.227
Afghanistan,2017,40.1477217674255
Afghanistan,2018,33.2
Afghanistan,2019,35.0
Afghanistan,2020,30.070585
Afghanistan,2021,37.0
Albania,2015,87.867
Albania,2016,95.53
Albania,2017,99.61927533149722
Albania,2018,91.60000000000001
Albania,2019,94.69999999999999
Albania,2020,90.66530470000002
Albania,2021,100.80000000000001
Algeria,2015,93.92900000000002
Algeria,2016,105.26599999999999
Algeria,2017,109.18644666671798
Algeria,2018,97.89999999999999
Algeria,2019,100.2
Algeria,2020,94.3856001
Algeria,2021,94.60000000000001
Angola,2015,75.778
Angola,2016,84.731
Angola,2017,85.8428180217743
Angola,2018,73.00000000000001
Argentina,2015,105.35099999999998
Argentina,2016,115.13700000000001
Argentina,2017,118.52954626083401
Argentina,2018,107.29999999999998
Argentina,2019,109.20000000000002
Argentina,2020,102.84656290000001
Argentina,2021,116.19999999999997
Armenia,2015,76.82100000000001
Armenia,2016,86.086
Armenia,2017,90.0596737861633
Armenia,2018,81.59999999999998
Armenia,2019,85.0
Armenia,2020,80.82624080000001
Armenia,2021,99.60000000000001
Australia,2015,133.358
Australia,2016,144.44299999999998
Australia,2017,148.4414935112
Australia,2018,134.0
Australia,2019,137.20000000000002
Australia,2020,131.03964329999997
Australia,2021,145.3
Austria,2015,133.72299999999998
Austria,2016,145.038
Austria,2017,148.70972633361802
Austria,2018,134.1
Austria,2019,137.6
Austria,2020,131.7285538
Austria,2021,149.2
Azerbaijan,2015,102.389
Azerbaijan,2016,112.37299999999999
Azerbaijan,2017,115.36017656326302
Azerbaijan,2018,102.40000000000002
Azerbaijan,2019,104.3
Azerbaijan,2020,99.0272701
Azerbaijan,2021,102.49999999999997
Bahrain,2015,132.376
Bahrain,2016,144.024
Bahrain,2017,148.84122610092197
Bahrain,2018,133.79999999999998
Bahrain,2019,136.20000000000002
Bahrain,2020,129.6692252
Bahrain,2021,140.90000000000003
Bangladesh,2015,39.753
Bangladesh,2016,54.177
Bangladesh,2017,58.668297529220595
Bangladesh,2018,53.2
Bangladesh,2019,56.2
Bangladesh,2020,55.6156278
Bangladesh,2021,63.5
Belarus,2015,103.192
Belarus,2016,113.06200000000001
Belarus,2017,115.65575599670399
Belarus,2018,103.89999999999998
Belarus,2019,106.7
Belarus,2020,101.8854499
Belarus,2021,112.40000000000002
Belgium,2015,130.782
Belgium,2016,142.539
Belgium,2017,146.37807607650802
Belgium,2018,132.40000000000003
Belgium,2019,135.60000000000002
Belgium,2020,129.5842767
Belgium,2021,146.3
Belize,2016,87.616
Belize,2017,90.7975316047668
Belize,2018,80.7
Benin,2015,28.665
Benin,2016,39.499
Benin,2017,43.108540773391695
Benin,2018,37.8
Benin,2019,39.30000000000001
Benin,2020,36.62447039999999
Benin,2021,50.7
Bhutan,2015,77.042
Bhutan,2016,85.27000000000001
Bhutan,2017,88.5416388511658
Bhutan,2018,79.60000000000002
Bhutan,2019,81.29999999999998
Bolivia,2015,68.133
Bolivia,2016,79.422
Bolivia,2017,83.3756566047668
Bolivia,2018,75.1
Bolivia,2019,77.60000000000001
Bolivia,2020,73.09763430000001
Bolivia,2021,84.2
Bosnia and Herzegovina,2015,83.22300000000001
Bosnia and Herzegovina,2016,93.38300000000001
Bosnia and Herzegovina,2017,98.2409417629242
Bosnia and Herzegovina,2018,91.50000000000001
Bosnia and Herzegovina,2019,94.5
Bosnia and Herzegovina,2020,91.839546
Bosnia and Herzegovina,2021,103.2
Botswana,2015,99.35500000000002
Botswana,2016,109.426
Botswana,2017,112.209415435791
Botswana,2018,101.69999999999999
Botswana,2019,104.1
Botswana,2020,99.75489969999998
Botswana,2021,109.89999999999999
Brazil,2015,98.124
Brazil,2016,108.75399999999999
Brazil,2017,110.73532104492202
Brazil,2018,98.6
Brazil,2019,100.4
Brazil,2020,95.2679873
Brazil,2021,102.8
Bulgaria,2015,101.216
Bulgaria,2016,111.30600000000001
Bulgaria,2017,116.14590883255
Bulgaria,2018,105.4
Bulgaria,2019,109.19999999999999
Bulgaria,2020,104.65546849999998
Bulgaria,2021,118.1
Burkina Faso,2015,25.812
Burkina Faso,2016,31.995000000000005
Burkina Faso,2017,35.022771358490004
Burkina Faso,2018,31.4
Burkina Faso,2019,33.10000000000001
Burkina Faso,2020,30.2467644
Burkina Faso,2021,36.4
Burundi,2015,1.53
Burundi,2016,6.8309999999999995
Burundi,2017,9.1622568666935
Burundi,2018,9.1
Burundi,2019,4.6000000000000005
Burundi,2020,0.0
Burundi,2021,0.0
Cambodia,2015,46.038000000000004
Cambodia,2016,55.604
Cambodia,2017,60.176509618759205
Cambodia,2018,54.900000000000006
Cambodia,2019,57.39999999999999
Cambodia,2020,54.46349379999999
Cambodia,2021,60.3
Cameroon,2015,42.25
Cameroon,2016,52.49700000000001
Cameroon,2017,56.4305365085602
Cameroon,2018,53.5
Cameroon,2019,54.9
Cameroon,2020,50.395804600000005
Cameroon,2021,54.300000000000004
Canada,2015,132.62899999999996
Canada,2016,144.01500000000004
Canada,2017,147.92044162750196
Canada,2018,133.0
Canada,2019,136.5
Canada,2020,130.1647663
Canada,2021,144.70000000000002
Central African Republic,2015,7.849999999999999
Central African Republic,2017,0.0
Central African Republic,2018,2.4
Central African Republic,2019,2.6
Central African Republic,2020,4.1072082000000005
Chad,2015,34.193
Chad,2016,42.214
Chad,2017,43.801298737525904
Chad,2018,35.8
Chad,2019,35.0
Chad,2020,30.228748900000003
Chad,2021,25.500000000000004
Chile,2015,110.715
Chile,2016,121.66999999999999
Chile,2017,125.27846097946198
Chile,2018,113.10000000000002
Chile,2019,115.9
Chile,2020,109.69924929999998
Chile,2021,119.99999999999999
China,2015,89.012
China,2016,102.78
China,2017,108.116579055786
China,2018,98.9
China,2019,102.89999999999998
China,2020,99.0533412
China,2021,106.09999999999998
Colombia,2015,91.86100000000002
Colombia,2016,103.03199999999998
Colombia,2017,107.062232494354
Colombia,2018,96.0
Colombia,2019,98.49999999999999
Colombia,2020,93.220371
Colombia,2021,102.1
Comoros,2015,23.906
Comoros,2016,27.509
Comoros,2019,27.400000000000006
Comoros,2020,41.5620774
Comoros,2021,48.8
Congo (Brazzaville),2015,67.866
Congo (Brazzaville),2016,77.10900000000001
Congo (Brazzaville),2017,80.89642524719241
Congo (Brazzaville),2018,68.2
Congo (Brazzaville),2019,67.30000000000001
Congo (Brazzaville),2020,63.36167449999999
Congo (Brazzaville),2021,51.800000000000004
Congo (Kinshasa),2015,0.0
Congo (Kinshasa),2016,5.6610000000000005
Congo (Kinshasa),2017,9.210234880447391
Congo (Kinshasa),2018,6.9
Congo (Kinshasa),2019,9.4
Congo (Kinshasa),2020,6.2487468
Costa Rica,2015,95.578
Costa Rica,2016,106.87899999999999
Costa Rica,2017,110.97062826156599
Costa Rica,2018,101.0
Costa Rica,2019,103.4
Costa Rica,2020,98.1107712
Costa Rica,2021,113.39999999999999
Croatia,2015,108.254
Croatia,2016,118.64900000000002
Croatia,2017,122.255623340607
Croatia,2018,111.5
Croatia,2019,115.5
Croatia,2020,110.9024286
Croatia,2021,125.1
Cyprus,2015,120.813
Cyprus,2016,131.857
Cyprus,2017,135.593807697296
Cyprus,2018,122.90000000000002
Cyprus,2019,126.29999999999998
Cyprus,2020,121.27994299999999
Cyprus,2021,137.69999999999996
Czech Republic,2015,117.898
Czech Republic,2016,130.91500000000002
Czech Republic,2017,135.268235206604
Czech Republic,2018,123.30000000000001
Czech Republic,2019,126.89999999999998
Czech Republic,2020,121.23223540000001
Czech Republic,2021,137.0
Denmark,2015,132.548
Denmark,2016,144.178
Denmark,2017,148.23830127716099
Denmark,2018,135.1
Denmark,2019,138.3
Denmark,2020,132.6948524
Denmark,2021,150.2
Djibouti,2015,44.025
Dominican Republic,2015,89.537
Dominican Republic,2016,102.787
Dominican Republic,2017,107.93738365173299
Dominican Republic,2018,98.19999999999999
Dominican Republic,2019,101.49999999999999
Dominican Republic,2020,98.3191848
Dominican Republic,2021,110.60000000000001
Ecuador,2015,86.402
Ecuador,2016,97.306
Ecuador,2017,100.08203983306899
Ecuador,2018,88.9
Ecuador,2019,91.19999999999999
Ecuador,2020,85.3383601
Ecuador,2021,93.5
Egypt,2015,88.18
Egypt,2016,95.39499999999998
Egypt,2017,98.97018074989319
Egypt,2018,88.5
Egypt,2019,91.3
Egypt,2020,87.5228941
Egypt,2021,95.39999999999998
El Salvador,2015,76.454
El Salvador,2016,87.37
El Salvador,2017,90.9784495830536
El Salvador,2018,80.60000000000001
El Salvador,2019,79.4
El Salvador,2020,74.8940408
El Salvador,2021,84.5
Estonia,2015,115.174
Estonia,2016,127.964
Estonia,2017,132.08793401718097
Estonia,2018,120.0
Estonia,2019,123.7
Estonia,2020,119.2441225
Estonia,2021,134.4
Ethiopia,2015,19.073000000000004
Ethiopia,2016,29.282999999999998
Ethiopia,2017,33.923384547233596
Ethiopia,2018,30.8
Ethiopia,2019,33.599999999999994
Ethiopia,2020,31.5125644
Ethiopia,2021,37.0
Finland,2015,129.02499999999998
Finland,2016,140.598
Finland,2017,144.357192516327
Finland,2018,130.5
Finland,2019,134.0
Finland,2020,128.5189509
Finland,2021,144.6
France,2015,127.77799999999999
France,2016,139.488
France,2017,143.09234619140602
France,2018,129.29999999999998
France,2019,132.4
France,2020,126.81293490000002
France,2021,142.1
Gabon,2015,106.02400000000002
Gabon,2016,115.85099999999998
Gabon,2017,119.82102394104
Gabon,2018,103.60000000000001
Gabon,2019,105.69999999999999
Gabon,2020,98.8044381
Gabon,2021,103.69999999999999
Gambia,2019,30.8
Gambia,2020,25.6990552
Gambia,2021,36.7
Georgia,2015,74.19
Georgia,2016,83.792
Georgia,2017,95.0612664222717
Georgia,2018,85.3
Georgia,2019,88.6
Georgia,2020,84.7198069
Georgia,2021,103.0
Germany,2015,132.792
Germany,2016,144.787
Germany,2017,148.792338371277
Germany,2018,134.0
Germany,2019,137.3
Germany,2020,131.4184546
Germany,2021,148.0
Ghana,2015,54.55799999999999
Ghana,2016,63.107
Ghana,2017,66.7224824428558
Ghana,2018,59.2
Ghana,2019,61.1
Ghana,2020,57.58624669999999
Ghana,2021,68.0
Greece,2015,115.40599999999999
Greece,2016,124.88600000000001
Greece,2017,128.948748111725
Greece,2018,115.39999999999998
Greece,2019,118.1
Greece,2020,112.8070116
Greece,2021,127.29999999999998
Guatemala,2015,74.553
Guatemala,2016,83.454
Guatemala,2017,87.2001945972443
Guatemala,2018,78.10000000000001
Guatemala,2019,80.0
Guatemala,2020,75.3815711
Guatemala,2021,84.5
Guinea,2015,17.416999999999994
Guinea,2016,22.415
Guinea,2017,24.454993009567296
Guinea,2018,34.39999999999999
Guinea,2019,37.99999999999999
Guinea,2020,39.0007734
Guinea,2021,41.99999999999999
Haiti,2015,26.673000000000005
Haiti,2016,34.097
Haiti,2017,36.8610262870789
Haiti,2018,31.5
Haiti,2019,32.300000000000004
Haiti,2020,28.473442799999997
Haiti,2021,29.399999999999995
Honduras,2015,59.53199999999999
Honduras,2016,69.42899999999999
Honduras,2017,73.0573117733002
Honduras,2018,62.0
Honduras,2019,64.20000000000002
Honduras,2020,59.87635850000001
Honduras,2021,70.30000000000001
Hong Kong,2015,138.60399999999998
Hong Kong,2016,151.07
Hong Kong,2018,140.5
Hong Kong,2019,143.79999999999998
Hong Kong S.A.R. of China,2020,137.6746058
Hong Kong S.A.R. of China,2021,152.5
"Hong Kong S.A.R., China",2017,155.167484283447
Hungary,2015,112.09400000000001
Hungary,2016,124.142
Hungary,2017,128.60119342804
Hungary,2018,117.10000000000001
Hungary,2019,120.10000000000002
Hungary,2020,116.43071169999999
Hungary,2021,130.1
Iceland,2015,130.232
Iceland,2016,142.666
Iceland,2017,148.0633020401
Iceland,2018,134.3
Iceland,2019,138.0
Iceland,2020,132.65016079999998
Iceland,2021,148.2
India,2015,64.499
India,2016,74.03599999999999
India,2017,79.22212481498721
India,2018,72.1
India,2019,75.5
India,2020,73.0576158
India,2021,74.10000000000001
Indonesia,2015,82.827
Indonesia,2016,95.104
Indonesia,2017,99.55385923385619
Indonesia,2018,89.9
Indonesia,2019,93.10000000000001
Indonesia,2020,89.1720712
Indonesia,2021,95.39999999999998
Iran,2015,100.87999999999998
Iran,2016,111.758
Iran,2017,115.68731069564801
Iran,2018,105.89999999999999
Iran,2019,110.00000000000001
Iran,2020,102.9322505
Iran,2021,103.00000000000001
Iraq,2015,98.54899999999999
Iraq,2016,107.474
Iraq,2017,110.27104854583699
Iraq,2018,101.00000000000001
Iraq,2019,104.29999999999998
Iraq,2020,98.20187089999999
Iraq,2021,91.0
Ireland,2015,133.596
Ireland,2016,148.34099999999998
Ireland,2017,153.570663928986
Ireland,2018,144.79999999999998
Ireland,2019,149.9
Ireland,2020,144.68867780000005
Ireland,2021,164.39999999999998
Israel,2015,122.857
Israel,2016,133.76600000000002
Israel,2017,137.538242340088
Israel,2018,130.10000000000002
Israel,2019,127.60000000000002
Israel,2020,121.64636849999998
Israel,2021,137.6
Italy,2015,125.11399999999999
Italy,2016,135.495
Italy,2017,139.506661891937
Italy,2018,126.4
Italy,2019,129.4
Italy,2020,123.6396074
Italy,2021,139.3
Ivory Coast,2015,46.534000000000006
Ivory Coast,2016,55.507
Ivory Coast,2017,60.3048920631409
Ivory Coast,2018,54.099999999999994
Ivory Coast,2019,56.9
Ivory Coast,2020,53.7094414
Ivory Coast,2021,66.9
Jamaica,2015,81.03800000000001
Jamaica,2016,89.333
Jamaica,2017,92.55793094635011
Jamaica,2018,81.89999999999999
Jamaica,2019,83.1
Jamaica,2020,77.9058397
Jamaica,2021,89.1
Japan,2015,127.074
Japan,2016,138.007
Japan,2017,141.691517829895
Japan,2018,129.4
Japan,2019,132.7
Japan,2020,126.67241099999998
Japan,2021,138.9
Jordan,2015,90.19800000000001
Jordan,2016,99.67299999999999
Jordan,2017,99.10123944282527
Jordan,2018,82.19999999999999
Jordan,2019,83.7
Jordan,2020,78.5179198
Jordan,2021,89.0
Kazakhstan,2015,112.254
Kazakhstan,2016,122.94299999999998
Kazakhstan,2017,128.45562696456898
Kazakhstan,2018,114.30000000000001
Kazakhstan,2019,117.3
Kazakhstan,2020,112.25942369999999
Kazakhstan,2021,123.0
Kenya,2015,36.471
Kenya,2016,52.266999999999996
Kenya,2017,56.047946214675896
Kenya,2018,49.3
Kenya,2019,51.2
Kenya,2020,47.6413399
Kenya,2021,60.300000000000004
Kosovo,2015,80.148
Kosovo,2016,90.145
Kosovo,2017,95.14843821525571
Kosovo,2018,85.5
Kosovo,2019,88.19999999999999
Kosovo,2020,84.0481341
Kosovo,2021,93.7
Kuwait,2015,155.42199999999997
Kuwait,2016,161.71400000000003
Kuwait,2017,163.295245170593
Kuwait,2018,147.4
Kuwait,2019,150.0
Kuwait,2020,142.4833655
Kuwait,2021,146.1
Kyrgyzstan,2015,47.428
Kyrgyzstan,2016,56.044000000000004
Kyrgyzstan,2017,59.622007608413696
Kyrgyzstan,2018,52.99999999999999
Kyrgyzstan,2019,55.099999999999994
Kyrgyzstan,2020,51.3180971
Kyrgyzstan,2021,66.5
Laos,2015,59.06599999999999
Laos,2016,68.042
Laos,2018,72.0
Laos,2019,76.4
Laos,2020,71.4693844
Laos,2021,80.80000000000003
Latvia,2015,111.31200000000001
Latvia,2016,121.788
Latvia,2017,126.074862480164
Latvia,2018,114.80000000000001
Latvia,2019,118.7
Latvia,2020,114.13954500000003
Latvia,2021,128.5
Lebanon,2015,102.564
Lebanon,2016,112.26799999999999
Lebanon,2017,107.49875307083103
Lebanon,2018,96.5
Lebanon,2019,98.69999999999997
Lebanon,2020,88.9232516
Lebanon,2021,104.5
Lesotho,2015,37.545
Lesotho,2017,52.10212469100949
Lesotho,2018,47.199999999999996
Lesotho,2019,48.89999999999999
Lesotho,2020,45.49387399999999
Lesotho,2021,45.099999999999994
Liberia,2015,7.12
Liberia,2016,10.706
Liberia,2017,11.904179304838198
Liberia,2018,7.6
Liberia,2019,7.299999999999999
Liberia,2020,17.4103007
Liberia,2021,22.8
Libya,2015,113.14500000000001
Libya,2016,106.688
Libya,2017,110.180306434631
Libya,2018,98.5
Libya,2019,104.4
Libya,2020,102.19137670000002
Libya,2021,104.4
Lithuania,2015,114.723
Lithuania,2016,126.92000000000002
Lithuania,2017,131.45823478698696
Lithuania,2018,119.7
Lithuania,2019,123.8
Lithuania,2020,119.3559647
Lithuania,2021,135.0
Luxembourg,2015,156.391
Luxembourg,2016,169.75199999999995
Luxembourg,2017,174.194359779358
Luxembourg,2018,157.6
Luxembourg,2019,160.9
Luxembourg,2020,153.6676049
Luxembourg,2021,175.09999999999997
Macedonia,2015,91.851
Macedonia,2016,101.93
Macedonia,2017,106.457793712616
Macedonia,2018,95.89999999999998
Macedonia,2020,93.5371995
Madagascar,2015,20.824
Madagascar,2016,27.954
Madagascar,2017,30.580869317054702
Madagascar,2018,26.200000000000006
Madagascar,2019,27.400000000000006
Madagascar,2020,24.4553208
Madagascar,2021,26.6
Malawi,2015,1.6039999999999999
Malawi,2016,8.709
Malawi,2017,23.344203829765302
Malawi,2018,18.6
Malawi,2019,19.1
Malawi,2020,17.653472700000002
Malawi,2021,11.300000000000002
Malaysia,2015,112.486
Malaysia,2016,125.142
Malaysia,2017,129.121541976929
Malaysia,2018,116.10000000000001
Malaysia,2019,122.09999999999998
Malaysia,2020,116.8421626
Malaysia,2021,125.89999999999998
Maldives,2020,93.78643039999999
Maldives,2021,111.50000000000001
Mali,2015,26.073999999999998
Mali,2016,31.292
Mali,2017,47.61804938316351
Mali,2018,37.0
Mali,2019,38.5
Mali,2020,35.2462649
Mali,2021,38.7
Malta,2015,120.74000000000002
Malta,2016,130.782
Malta,2017,134.327983856201
Malta,2018,127.0
Malta,2019,130.0
Malta,2020,125.25132889999998
Malta,2021,141.1
Mauritania,2015,45.40699999999999
Mauritania,2016,61.391000000000005
Mauritania,2017,64.8457288742065
Mauritania,2018,55.70000000000001
Mauritania,2019,56.99999999999999
Mauritania,2020,53.96848920000001
Mauritania,2021,66.60000000000001
Mauritius,2015,100.761
Mauritius,2016,114.37200000000001
Mauritius,2017,118.939554691315
Mauritius,2018,109.00000000000003
Mauritius,2019,112.0
Mauritius,2020,107.36639500000001
Mauritius,2021,117.79999999999998
Mexico,2015,102.054
Mexico,2016,111.50800000000001
Mexico,2017,115.31838178634601
Mexico,2018,103.79999999999998
Mexico,2019,107.00000000000001
Mexico,2020,102.43874790000001
Mexico,2021,112.60000000000001
Moldova,2015,59.448
Moldova,2016,69.17699999999999
Moldova,2017,72.8870630264282
Moldova,2018,65.7
Moldova,2019,68.5
Moldova,2020,70.79167959999998
Moldova,2021,98.50000000000001
Mongolia,2015,82.81899999999999
Mongolia,2016,98.853
Mongolia,2017,102.723586559296
Mongolia,2018,91.4
Mongolia,2019,94.8
Mongolia,2020,90.48727749999999
Mongolia,2021,96.6
Montenegro,2015,97.438
Montenegro,2016,107.838
Montenegro,2017,112.11290359497097
Montenegro,2018,101.69999999999999
Montenegro,2019,105.1
Montenegro,2020,101.0150075
Montenegro,2021,115.5
Morocco,2015,73.479
Morocco,2016,84.05799999999999
Morocco,2017,87.81145811080928
Morocco,2018,77.9
Morocco,2019,80.10000000000001
Morocco,2020,75.86221100000002
Morocco,2021,79.2
Mozambique,2015,8.308
Mozambique,2017,23.4305649995804
Mozambique,2018,19.8
Mozambique,2019,20.4
Mozambique,2020,17.8741366
Mozambique,2021,18.3
Myanmar,2015,27.108
Myanmar,2016,34.111999999999995
Myanmar,2017,36.711055040359504
Myanmar,2018,68.2
Myanmar,2019,71.0
Myanmar,2020,67.80909300000002
Myanmar,2021,66.60000000000001
Namibia,2016,93.28699999999999
Namibia,2017,96.4434325695038
Namibia,2018,87.40000000000002
Namibia,2019,87.90000000000002
Namibia,2020,84.00819899999999
Namibia,2021,88.2
Nepal,2015,35.997
Nepal,2016,44.62599999999999
Nepal,2017,47.9820191860199
Nepal,2018,42.5
Nepal,2019,44.6
Nepal,2020,44.4050372
Nepal,2021,51.9
Netherlands,2015,132.944
Netherlands,2016,146.468
Netherlands,2017,150.394463539124
Netherlands,2018,136.1
Netherlands,2019,139.6
Netherlands,2020,133.89463419999998
Netherlands,2021,150.1
New Zealand,2015,125.01800000000001
New Zealand,2016,136.06600000000003
New Zealand,2017,140.57060480117798
New Zealand,2018,126.80000000000001
New Zealand,2019,130.29999999999998
New Zealand,2020,124.2317915
New Zealand,2021,140.0
Nicaragua,2015,59.324999999999996
Nicaragua,2016,69.384
Nicaragua,2017,73.7299203872681
Nicaragua,2018,66.80000000000001
Nicaragua,2019,69.39999999999999
Nicaragua,2020,62.00331449999999
Nicaragua,2021,69.3
Niger,2015,6.9399999999999995
Niger,2016,13.270000000000003
Niger,2017,16.1925330758095
Niger,2018,13.100000000000001
Niger,2019,13.800000000000002
Niger,2020,10.833033200000001
Niger,2021,16.2
Nigeria,2015,65.43499999999999
Nigeria,2016,75.21600000000001
Nigeria,2017,78.37562561035159
Nigeria,2018,68.89999999999999
Nigeria,2019,69.6
Nigeria,2020,64.5901859
Nigeria,2021,66.29999999999998
North Cyprus,2015,120.80599999999998
North Cyprus,2016,131.141
North Cyprus,2017,134.69113111496
North Cyprus,2020,121.27994299999997
North Cyprus,2021,137.7
North Macedonia,2019,98.30000000000001
North Macedonia,2021,106.8
Northern Cyprus,2018,122.90000000000002
Northern Cyprus,2019,126.29999999999998
Norway,2015,145.9
Norway,2016,157.744
Norway,2017,161.646318435669
Norway,2018,145.6
Norway,2019,148.8
Norway,2020,142.420733
Norway,2021,154.29999999999998
Oman,2015,136.011
Pakistan,2015,59.543
Pakistan,2016,68.816
Pakistan,2017,72.688353061676
Pakistan,2018,65.2
Pakistan,2019,67.7
Pakistan,2020,61.67994740000001
Pakistan,2021,63.7
Palestinian Territories,2015,59.86700000000001
Palestinian Territories,2016,67.024
Palestinian Territories,2017,71.6249227523804
Palestinian Territories,2018,64.2
Palestinian Territories,2019,65.7
Palestinian Territories,2020,58.7819219
Palestinian Territories,2021,64.60000000000001
Panama,2015,106.35300000000002
Panama,2016,118.306
Panama,2017,123.374843597412
Panama,2018,111.20000000000003
Panama,2019,114.90000000000002
Panama,2020,109.76678129999999
Panama,2021,129.8
Paraguay,2015,75.98500000000001
Paraguay,2016,89.373
Paraguay,2017,93.2537317276001
Paraguay,2018,83.5
Paraguay,2019,85.5
Paraguay,2020,89.7990823
Paraguay,2021,98.30000000000001
Peru,2015,90.019
Peru,2016,99.602
Peru,2017,103.52252721786499
Peru,2018,93.4
Peru,2019,96.0
Peru,2020,91.854918
Peru,2021,98.6
Philippines,2015,70.532
Philippines,2016,81.217
Philippines,2017,85.769921541214
Philippines,2018,77.5
Philippines,2019,80.7
Philippines,2020,77.5120676
Philippines,2021,85.3
Poland,2015,112.555
Poland,2016,124.585
Poland,2017,129.178786277771
Poland,2018,117.6
Poland,2019,120.59999999999998
Poland,2020,116.922915
Poland,2021,130.9
Portugal,2015,115.99099999999999
Portugal,2016,127.60699999999999
Portugal,2017,131.51752948761
Portugal,2018,118.80000000000001
Portugal,2019,122.1
Portugal,2020,116.8800831
Portugal,2021,132.29999999999998
Puerto Rico,2016,135.943
Qatar,2015,169.04199999999997
Qatar,2016,182.427
Qatar,2017,187.076568603516
Qatar,2018,164.89999999999998
Qatar,2019,168.40000000000003
Romania,2015,104.345
Romania,2016,116.97
Romania,2017,121.76839113235502
Romania,2018,111.60000000000001
Romania,2019,116.19999999999997
Romania,2020,112.04016209999999
Romania,2021,127.49999999999999
Russia,2015,113.76399999999998
Russia,2016,123.22800000000001
Russia,2017,128.177809715271
Russia,2018,115.10000000000002
Russia,2019,118.30000000000001
Russia,2020,112.6999617
Russia,2021,124.10000000000004
Rwanda,2015,22.208
Rwanda,2016,32.846
Rwanda,2017,36.874589323997505
Rwanda,2018,33.2
Rwanda,2019,35.9
Rwanda,2020,34.3242675
Rwanda,2021,36.39999999999999
Saudi Arabia,2015,139.541
Saudi Arabia,2016,148.953
Saudi Arabia,2017,153.06235551834098
Saudi Arabia,2018,137.9
Saudi Arabia,2019,140.3
Saudi Arabia,2020,133.4328532
Saudi Arabia,2021,143.5
Senegal,2015,36.49800000000001
Senegal,2016,44.314
Senegal,2017,47.9309022426605
Senegal,2018,42.89999999999999
Senegal,2019,45.0
Senegal,2020,50.4061818
Senegal,2021,51.800000000000004
Serbia,2015,92.053
Serbia,2016,103.43699999999998
Serbia,2017,106.931757926941
Serbia,2018,97.5
Serbia,2019,100.40000000000002
Serbia,2020,98.81818289999998
Serbia,2021,110.1
Sierra Leone,2015,33.024
Sierra Leone,2016,36.48499999999999
Sierra Leone,2017,36.842092871666
Sierra Leone,2018,25.6
Sierra Leone,2019,26.799999999999997
Sierra Leone,2020,24.056038299999994
Sierra Leone,2021,27.900000000000002
Singapore,2015,152.186
Singapore,2016,164.555
Singapore,2017,169.227766990662
Singapore,2018,152.89999999999998
Singapore,2019,157.20000000000002
Singapore,2020,151.9580126
Singapore,2021,169.49999999999997
Slovakia,2015,116.89099999999998
Slovakia,2016,127.973
Slovakia,2017,132.539355754852
Slovakia,2018,121.00000000000001
Slovakia,2019,124.60000000000001
Slovakia,2020,119.48376890000002
Slovakia,2021,130.4
Slovenia,2015,118.49799999999998
Slovenia,2016,129.94700000000003
Slovenia,2017,134.12059545517002
Slovenia,2018,121.9
Slovenia,2019,125.79999999999997
Slovenia,2020,120.8652496
Slovenia,2021,136.00000000000003
Somalia,2016,0.0
Somalia,2017,2.26431842893362
Somalia,2018,0.0
Somalia,2019,0.0
Somaliland Region,2016,25.557999999999996
Somaliland region,2015,18.847
South Africa,2015,92.04900000000002
South Africa,2016,102.416
South Africa,2017,105.469870567322
South Africa,2018,94.0
South Africa,2019,96.0
South Africa,2020,90.2140439
South Africa,2021,96.69999999999999
South Korea,2015,124.46100000000001
South Korea,2016,135.94799999999998
South Korea,2017,140.167844295502
South Korea,2018,126.59999999999998
South Korea,2019,130.1
South Korea,2020,124.53006509999999
South Korea,2021,140.30000000000004
South Sudan,2016,39.39399999999999
South Sudan,2017,39.72486257553099
South Sudan,2018,33.7
South Sudan,2019,30.6
South Sudan,2020,28.9082974
Spain,2015,123.011
Spain,2016,134.253
Spain,2017,138.439786434174
Spain,2018,125.10000000000001
Spain,2019,128.6
Spain,2020,123.0535269
Spain,2021,137.5
Sri Lanka,2015,83.524
Sri Lanka,2016,97.318
Sri Lanka,2017,100.985014438629
Sri Lanka,2018,91.8
Sri Lanka,2019,94.89999999999998
Sri Lanka,2020,89.79869480000002
Sri Lanka,2021,99.0
Sudan,2015,52.107000000000006
Sudan,2016,63.068999999999996
Sudan,2017,65.95166921615598
Sudan,2018,60.5
Suriname,2015,99.53400000000002
Suriname,2016,109.68599999999999
Swaziland,2015,71.20600000000002
Swaziland,2019,81.10000000000001
Swaziland,2020,82.7539742
Swaziland,2021,84.89999999999999
Sweden,2015,133.171
Sweden,2016,145.181
Sweden,2017,149.438726902008
Sweden,2018,135.5
Sweden,2019,138.7
Sweden,2020,132.22352269999996
Sweden,2021,147.8
Switzerland,2015,139.65099999999998
Switzerland,2016,152.733
Switzerland,2017,156.497955322266
Switzerland,2018,142.0
Switzerland,2019,145.2
Switzerland,2020,139.077425
Switzerland,2021,156.6
Syria,2015,66.32000000000001
Syria,2016,74.71900000000001
Syria,2017,77.71531343460079
Syria,2018,68.9
Syria,2019,61.89999999999999
Taiwan,2015,129.098
Taiwan,2016,139.72899999999998
Taiwan,2018,136.5
Taiwan,2019,136.8
Taiwan Province of China,2017,143.362653255463
Taiwan Province of China,2020,132.7470541
Taiwan Province of China,2021,148.0
Tajikistan,2015,39.047
Tajikistan,2016,48.835
Tajikistan,2017,52.4713635444641
Tajikistan,2018,47.4
Tajikistan,2019,49.3
Tajikistan,2020,47.4874616
Tajikistan,2021,50.8
Tanzania,2015,28.52
Tanzania,2016,47.155
Tanzania,2017,51.113587617874096
Tanzania,2018,45.5
Tanzania,2019,47.599999999999994
Tanzania,2020,45.7163125
Tanzania,2021,43.300000000000004
Thailand,2015,96.69000000000001
Thailand,2016,108.92999999999999
Thailand,2017,112.78687715530401
Thailand,2018,101.6
Thailand,2019,105.0
Thailand,2020,100.70292950000001
Thailand,2021,110.7
Togo,2015,20.868000000000002
Togo,2016,28.122999999999998
Togo,2017,30.5444717407227
Togo,2018,25.900000000000002
Togo,2019,27.500000000000004
Togo,2020,26.811626599999997
Togo,2021,25.4
Trinidad & Tobago,2018,122.30000000000001
Trinidad & Tobago,2019,123.10000000000002
Trinidad and Tobago,2015,121.18299999999999
Trinidad and Tobago,2016,132.572
Trinidad and Tobago,2017,136.13559007644702
Trinidad and Tobago,2020,116.7641521
Tunisia,2015,88.11300000000001
Tunisia,2016,97.724
Tunisia,2017,100.72658061981198
Tunisia,2018,90.0
Tunisia,2019,92.1
Tunisia,2020,87.47426870000001
Tunisia,2021,91.9
Turkey,2015,106.09800000000001
Turkey,2016,116.49199999999999
Turkey,2017,119.82743740081801
Turkey,2018,114.79999999999998
Turkey,2019,118.3
Turkey,2020,112.71692510000001
Turkey,2021,126.00000000000001
Turkmenistan,2015,95.84700000000001
Turkmenistan,2016,108.017
Turkmenistan,2017,113.077676296234
Turkmenistan,2018,101.59999999999998
Turkmenistan,2019,105.2
Turkmenistan,2020,100.89635850000002
Turkmenistan,2021,104.60000000000001
Uganda,2015,21.102
Uganda,2016,34.718999999999994
Uganda,2017,38.1430715322495
Uganda,2018,32.199999999999996
Uganda,2019,33.2
Uganda,2020,31.233742799999998
Uganda,2021,36.4
Ukraine,2015,79.907
Ukraine,2016,87.287
Ukraine,2017,89.465194940567
Ukraine,2018,79.29999999999998
Ukraine,2019,82.00000000000001
Ukraine,2020,78.04346079999999
Ukraine,2021,97.89999999999999
United Arab Emirates,2015,142.727
United Arab Emirates,2016,157.352
United Arab Emirates,2017,162.63433694839497
United Arab Emirates,2019,150.29999999999998
United Arab Emirates,2020,143.1086421
United Arab Emirates,2021,155.5
United Kingdom,2015,126.63700000000001
United Kingdom,2016,140.283
United Kingdom,2017,144.163393974304
United Kingdom,2018,124.4
United Kingdom,2019,133.29999999999998
United Kingdom,2020,127.3061037
United Kingdom,2021,142.3
United States,2015,139.451
United States,2016,150.796
United States,2017,154.625928401947
United States,2018,139.79999999999998
United States,2019,143.30000000000004
United States,2020,137.398684
United States,2021,153.29999999999998
Uruguay,2015,106.16600000000001
Uruguay,2016,118.15699999999998
Uruguay,2017,121.755969524384
Uruguay,2018,109.3
Uruguay,2019,112.4
Uruguay,2020,107.1000457
Uruguay,2021,116.39999999999999
Uzbekistan,2015,63.244000000000014
Uzbekistan,2016,73.591
Uzbekistan,2017,78.64410877227782
Uzbekistan,2018,71.9
Uzbekistan,2019,74.5
Uzbekistan,2020,69.66529489999998
Uzbekistan,2021,76.9
Venezuela,2015,104.424
Venezuela,2016,113.36699999999999
Venezuela,2017,112.84312009811396
Venezuela,2018,99.6
Venezuela,2019,96.0
Venezuela,2020,77.0238638
Venezuela,2021,85.2
Vietnam,2015,63.21600000000001
Vietnam,2016,74.03699999999999
Vietnam,2017,78.8547575473785
Vietnam,2018,71.5
Vietnam,2019,74.09999999999998
Vietnam,2020,71.80923820000001
Vietnam,2021,81.69999999999997
Yemen,2015,54.649
Yemen,2016,57.938999999999986
Yemen,2017,59.16834473609921
Yemen,2018,44.199999999999996
Yemen,2019,28.7
Yemen,2020,39.270177499999996
Yemen,2021,32.900000000000006
Zambia,2015,47.038000000000004
Zambia,2016,61.202000000000005
Zambia,2017,63.6406779289246
Zambia,2018,56.199999999999996
Zambia,2019,57.8
Zambia,2020,53.683376300000006
Zambia,2021,52.800000000000004
Zimbabwe,2015,27.099999999999994
Zimbabwe,2016,35.041
Zimbabwe,2017,37.5846534967422
Zimbabwe,2018,35.7
Zimbabwe,2019,36.6
Zimbabwe,2020,42.5564021
Zimbabwe,2021,45.7
